method,scenario,n_stations,n_periods,full_dimension,median_setup_seconds,median_sampling_seconds_total,median_sampling_seconds_per_realization,median_total_seconds,median_first_realization_seconds,median_amortized_seconds_per_realization,median_iterations_per_realization,median_relative_residual,median_linear_solve_seconds,median_observed_max_abs_error,solver,n_repeats,n_samples,observed_count,missing_count,all_samples_finite,success,error,factor_repairs,factor_nonzero_jitters,factor_max_jitter,n_realizations,covariance_bytes,sample_finite,status
IOX full semivariogram,unconditional,640,9,5760,3.6521539999521337,0.0094132999656721,0.0094132999656721,3.661567299917806,3.661567299917806,3.661567299917806,0.0,0.0,0.0,0.0,native_unconditional,1,1,0.0,5760.0,True,True,,0,0.0,0.0,1,,,
LMC semivariogram,unconditional,640,9,5760,0.0847357000457122,0.0007714999374002,0.0007714999374002,0.0855071999831125,0.0855071999831125,0.0855071999831125,0.0,0.0,0.0,0.0,native_unconditional,1,1,0.0,5760.0,True,True,,0,0.0,0.0,1,,,
Multivariate Matern semivariogram,unconditional,640,9,5760,3.636659999960102,0.0071132999728433,0.0071132999728433,3.6437732999329455,3.6437732999329455,3.6437732999329455,0.0,0.0,0.0,0.0,native_unconditional,1,1,0.0,5760.0,True,True,,0,0.0,0.0,1,,,
PCA semivariogram,unconditional,640,9,5760,0.2502662999904714,0.0027941999724134,0.0027941999724134,0.2530604999628849,0.2530604999628849,0.2530604999628849,0.0,0.0,0.0,0.0,native_unconditional,1,1,0.0,5760.0,True,True,,0,0.0,0.0,1,,,
SBSS semivariogram,unconditional,640,9,5760,0.2456440000096336,0.0013529999996535,0.0013529999996535,0.2469970000092871,0.2469970000092871,0.2469970000092871,0.0,0.0,0.0,0.0,native_unconditional,1,1,0.0,5760.0,True,True,,0,0.0,0.0,1,,,
Separable kernel semivariogram,unconditional,640,9,5760,0.0316973000299185,0.000236100051552,0.000236100051552,0.0319334000814706,0.0319334000814706,0.0319334000814706,0.0,0.0,0.0,0.0,native_unconditional,1,1,0.0,5760.0,True,True,,0,0.0,0.0,1,,,
IOX full semivariogram,unconditional,640,9,5760,3.847941900021397,0.0150977000012062,0.0015097700001206,3.863039600022603,3.849451670021517,0.3863039600022603,0.0,0.0,0.0,0.0,native_unconditional,1,10,0.0,5760.0,True,True,,0,0.0,0.0,10,,,
LMC semivariogram,unconditional,640,9,5760,0.0879644999513402,0.0044742999598383,0.0004474299959838,0.0924387999111786,0.0884119299473241,0.0092438799911178,0.0,0.0,0.0,0.0,native_unconditional,1,10,0.0,5760.0,True,True,,0,0.0,0.0,10,,,
Multivariate Matern semivariogram,unconditional,640,9,5760,3.7579015000374056,0.0198076000087894,0.0019807600008789,3.777709100046195,3.759882260038285,0.3777709100046195,0.0,0.0,0.0,0.0,native_unconditional,1,10,0.0,5760.0,True,True,,0,0.0,0.0,10,,,
PCA semivariogram,unconditional,640,9,5760,0.2395939999842085,0.0030609000241383,0.0003060900024138,0.2426549000083468,0.2399000899866223,0.0242654900008346,0.0,0.0,0.0,0.0,native_unconditional,1,10,0.0,5760.0,True,True,,0,0.0,0.0,10,,,
SBSS semivariogram,unconditional,640,9,5760,0.2265560000087134,0.0023262000177055,0.0002326200017705,0.228882200026419,0.226788620010484,0.0228882200026419,0.0,0.0,0.0,0.0,native_unconditional,1,10,0.0,5760.0,True,True,,0,0.0,0.0,10,,,
Separable kernel semivariogram,unconditional,640,9,5760,0.0330308000557124,0.0010868000099435,0.0001086800009943,0.034117600065656,0.0331394800567068,0.0034117600065656,0.0,0.0,0.0,0.0,native_unconditional,1,10,0.0,5760.0,True,True,,0,0.0,0.0,10,,,
IOX full semivariogram,unconditional,640,9,5760,3.7820322000188753,0.0422988000209443,0.0004229880002094,3.82433100003982,3.782455188019085,0.0382433100003982,0.0,0.0,0.0,0.0,native_unconditional,1,100,0.0,5760.0,True,True,,0,0.0,0.0,100,,,
LMC semivariogram,unconditional,640,9,5760,0.0671397000551223,0.0479944000253453,0.0004799440002534,0.1151341000804677,0.0676196440553758,0.0011513410008046,0.0,0.0,0.0,0.0,native_unconditional,1,100,0.0,5760.0,True,True,,0,0.0,0.0,100,,,
Multivariate Matern semivariogram,unconditional,640,9,5760,3.710345700033941,0.071851999964565,0.0007185199996456,3.7821976999985054,3.711064220033586,0.037821976999985,0.0,0.0,0.0,0.0,native_unconditional,1,100,0.0,5760.0,True,True,,0,0.0,0.0,100,,,
PCA semivariogram,unconditional,640,9,5760,0.2490502999862656,0.019331699993927,0.0001933169999392,0.2683819999801926,0.2492436169862048,0.0026838199998019,0.0,0.0,0.0,0.0,native_unconditional,1,100,0.0,5760.0,True,True,,0,0.0,0.0,100,,,
SBSS semivariogram,unconditional,640,9,5760,0.2292594999889843,0.0121786999516189,0.0001217869995161,0.2414381999406032,0.2293812869885005,0.002414381999406,0.0,0.0,0.0,0.0,native_unconditional,1,100,0.0,5760.0,True,True,,0,0.0,0.0,100,,,
Separable kernel semivariogram,unconditional,640,9,5760,0.0381833999417722,0.0093082999810576,9.308299981057644e-05,0.0474916999228298,0.0382764829415828,0.0004749169992282,0.0,0.0,0.0,0.0,native_unconditional,1,100,0.0,5760.0,True,True,,0,0.0,0.0,100,,,
IOX full semivariogram,unconditional,640,9,5760,3.493488800013438,0.5816076000337489,0.0005816076000337,4.075096400047187,3.494070407613472,0.0040750964000471,0.0,0.0,0.0,0.0,native_unconditional,1,1000,0.0,5760.0,True,True,,0,0.0,0.0,1000,,,
LMC semivariogram,unconditional,640,9,5760,0.067960700020194,0.4066236999351531,0.0004066236999351,0.4745843999553472,0.0683673237201292,0.0004745843999553,0.0,0.0,0.0,0.0,native_unconditional,1,1000,0.0,5760.0,True,True,,0,0.0,0.0,1000,,,
Multivariate Matern semivariogram,unconditional,640,9,5760,3.7681032000109553,0.4503796999924816,0.0004503796999924,4.218482900003437,3.768553579710948,0.0042184829000034,0.0,0.0,0.0,0.0,native_unconditional,1,1000,0.0,5760.0,True,True,,0,0.0,0.0,1000,,,
PCA semivariogram,unconditional,640,9,5760,0.2357065000105649,0.2103741999599151,0.0002103741999599,0.44608069997048,0.2359168742105248,0.0004460806999704,0.0,0.0,0.0,0.0,native_unconditional,1,1000,0.0,5760.0,True,True,,0,0.0,0.0,1000,,,
SBSS semivariogram,unconditional,640,9,5760,0.2211933000362478,0.1242240999708883,0.0001242240999708,0.3454174000071361,0.2213175241362187,0.0003454174000071,0.0,0.0,0.0,0.0,native_unconditional,1,1000,0.0,5760.0,True,True,,0,0.0,0.0,1000,,,
Separable kernel semivariogram,unconditional,640,9,5760,0.0330190999666228,0.0746973999775946,7.469739997759462e-05,0.1077164999442175,0.0330937973666004,0.0001077164999442,0.0,0.0,0.0,0.0,native_unconditional,1,1000,0.0,5760.0,True,True,,0,0.0,0.0,1000,,,
IOX full semivariogram,unconditional,640,9,5760,3.635908800002653,4.624443400010932,0.000462444340001,8.260352200013585,3.636371244342654,0.0008260352200013,0.0,0.0,0.0,0.0,native_unconditional,1,10000,0.0,5760.0,True,True,,0,0.0,0.0,10000,,,
LMC semivariogram,unconditional,640,9,5760,0.0757043999619782,2.9213393999962136,0.0002921339399996,2.997043799958192,0.0759965339019778,0.0002997043799958,0.0,0.0,0.0,0.0,native_unconditional,1,10000,0.0,5760.0,True,True,,0,0.0,0.0,10000,,,
Multivariate Matern semivariogram,unconditional,640,9,5760,3.8202740999986418,5.293776100035757,0.0005293776100035,9.1140502000344,3.820803477608645,0.0009114050200034,0.0,0.0,0.0,0.0,native_unconditional,1,10000,0.0,5760.0,True,True,,0,0.0,0.0,10000,,,
PCA semivariogram,unconditional,640,9,5760,0.2498274000245146,1.816161900002044,0.0001816161900002,2.0659893000265583,0.2500090162145148,0.0002065989300026,0.0,0.0,0.0,0.0,native_unconditional,1,10000,0.0,5760.0,True,True,,0,0.0,0.0,10000,,,
SBSS semivariogram,unconditional,640,9,5760,0.2361343000084161,1.116909999982454,0.0001116909999982,1.35304429999087,0.2362459910084144,0.000135304429999,0.0,0.0,0.0,0.0,native_unconditional,1,10000,0.0,5760.0,True,True,,0,0.0,0.0,10000,,,
Separable kernel semivariogram,unconditional,640,9,5760,0.0328782000578939,0.6794727999949828,6.794727999949828e-05,0.7123510000528768,0.0329461473378934,7.123510000528768e-05,0.0,0.0,0.0,0.0,native_unconditional,1,10000,0.0,5760.0,True,True,,0,0.0,0.0,10000,,,
LMC conventional method,unconditional,640,9,5760,1.9464043001644316,0.0056469999253749,0.0056469999253749,1.9520513000898063,1.9520513000898063,1.9520513000898063,,,,,full_dense_cholesky_in_place,1,1,,,True,True,,0,,0.0,1,265420800.0,True,measured
LMC conventional method,unconditional,640,9,5760,1.8005088998470455,0.010804499965161,0.0010804499965161,1.8113133998122064,1.8015893498435616,0.1811313399812206,,,,,full_dense_cholesky_in_place,1,10,,,True,True,,0,,0.0,10,265420800.0,True,measured
LMC conventional method,unconditional,640,9,5760,1.886123599950224,0.0221397001296281,0.0002213970012962,1.9082633000798523,1.8863449969515205,0.0190826330007985,,,,,full_dense_cholesky_in_place,1,100,,,True,True,,0,,0.0,100,265420800.0,True,measured
LMC conventional method,unconditional,640,9,5760,1.9460909999907017,0.1681456000078469,0.0001681456000078,2.1142365999985486,1.9462591455907092,0.0021142365999985,,,,,full_dense_cholesky_in_place,1,1000,,,True,True,,0,,0.0,1000,265420800.0,True,measured
LMC conventional method,unconditional,640,9,5760,1.88993819989264,1.748510899953544,0.0001748510899953,3.638449099846184,1.8901130509826356,0.0003638449099846,,,,,full_dense_cholesky_in_place,1,10000,,,True,True,,0,,0.0,10000,265420800.0,True,measured
