method,scenario,n_stations,n_periods,full_dimension,median_setup_seconds,median_sampling_seconds_total,median_sampling_seconds_per_realization,median_total_seconds,median_first_realization_seconds,median_amortized_seconds_per_realization,median_iterations_per_realization,median_relative_residual,median_linear_solve_seconds,median_observed_max_abs_error,solver,n_repeats,n_samples,observed_count,missing_count,all_samples_finite,success,error,factor_repairs,factor_nonzero_jitters,factor_max_jitter,station_count,covariance_bytes,available_physical_memory_bytes,estimated_working_memory_bytes,sample_finite,status
IOX full semivariogram,unconditional,20,9,180,0.0019256002269685,0.0012348999734967,1.2348999734967948e-05,0.0031605002004653,0.0019379492267034,3.160500200465322e-05,,,,,full_dense_cholesky_in_place,1,100,,,True,True,,0,,0.0,20,259200.0,18388668416.0,2147899648.0,True,measured
LMC semivariogram,unconditional,20,9,180,0.0009164999937638,0.00060080003459,6.008000345900655e-06,0.0015173000283539,0.0009225079941097,1.5173000283539295e-05,0.0,0.0,0.0,0.0,native_unconditional,1,100,0.0,180.0,True,True,,0,0.0,0.0,20,,,,,
Multivariate Matern semivariogram,unconditional,20,9,180,0.0020620999857783,0.0002500999253243,2.500999253243208e-06,0.0023121999111026,0.0020646009850315,2.3121999111026525e-05,,,,,full_dense_cholesky_in_place,1,100,,,True,True,,0,,0.0,20,259200.0,18040733696.0,2147899648.0,True,measured
PCA semivariogram,unconditional,20,9,180,0.0012127999798394,0.0003436999977566,3.4369999775663018e-06,0.0015564999775961,0.001216236979817,1.556499977596104e-05,0.0,0.0,0.0,0.0,native_unconditional,1,100,0.0,180.0,True,True,,0,0.0,0.0,20,,,,,
SBSS semivariogram,unconditional,20,9,180,0.0014658999862149,0.000298400002066,2.98400002066046e-06,0.0017642999882809,0.0014688839862355,1.7642999882809817e-05,0.0,0.0,0.0,0.0,native_unconditional,1,100,0.0,180.0,True,True,,0,0.0,0.0,20,,,,,
Separable kernel semivariogram,unconditional,20,9,180,0.0029115999350324,0.000253300066106,2.533000661060214e-06,0.0031649000011384,0.0029141329356934,3.164900001138449e-05,0.0,0.0,0.0,0.0,native_unconditional,1,100,0.0,180.0,True,True,,0,0.0,0.0,20,,,,,
IOX full semivariogram,unconditional,40,9,360,0.0047971999738365,0.000730900093913,7.309000939130783e-06,0.0055281000677496,0.0048045089747756,5.5281000677496194e-05,,,,,full_dense_cholesky_in_place,1,100,,,True,True,,0,,0.0,40,1036800.0,18390745088.0,2148859648.0,True,measured
LMC semivariogram,unconditional,40,9,360,0.0010055999737232,0.0012874000240117,1.2874000240117312e-05,0.002292999997735,0.0010184739739634,2.292999997735024e-05,0.0,0.0,0.0,0.0,native_unconditional,1,100,0.0,360.0,True,True,,0,0.0,0.0,40,,,,,
Multivariate Matern semivariogram,unconditional,40,9,360,0.0050573998596519,0.0007403998170047,7.4039981700479985e-06,0.0057977996766567,0.0050648038578219,5.797799676656723e-05,,,,,full_dense_cholesky_in_place,1,100,,,True,True,,0,,0.0,40,1036800.0,18041638912.0,2148859648.0,True,measured
PCA semivariogram,unconditional,40,9,360,0.0015037999837659,0.0006485999911092,6.485999911092222e-06,0.0021523999748751,0.001510285983677,2.152399974875152e-05,0.0,0.0,0.0,0.0,native_unconditional,1,100,0.0,360.0,True,True,,0,0.0,0.0,40,,,,,
SBSS semivariogram,unconditional,40,9,360,0.0020266000065021,0.0006569999968633,6.569999968633056e-06,0.0026836000033654,0.0020331700064707,2.683600003365427e-05,0.0,0.0,0.0,0.0,native_unconditional,1,100,0.0,360.0,True,True,,0,0.0,0.0,40,,,,,
Separable kernel semivariogram,unconditional,40,9,360,0.0014674999983981,0.0006894000107422,6.894000107422471e-06,0.0021569000091403,0.0014743939985055,2.156900009140372e-05,0.0,0.0,0.0,0.0,native_unconditional,1,100,0.0,360.0,True,True,,0,0.0,0.0,40,,,,,
IOX full semivariogram,unconditional,80,9,720,0.0183433000929653,0.0010251000057905,1.0251000057905912e-05,0.0193684000987559,0.0183535510930232,0.0001936840009875,,,,,full_dense_cholesky_in_place,1,100,,,True,True,,0,,0.0,80,4147200.0,18389471232.0,2152411648.0,True,measured
LMC semivariogram,unconditional,80,9,720,0.0013244000729173,0.0063702999614179,6.370299961417913e-05,0.0076947000343352,0.0013881030725315,7.694700034335255e-05,0.0,0.0,0.0,0.0,native_unconditional,1,100,0.0,720.0,True,True,,0,0.0,0.0,80,,,,,
Multivariate Matern semivariogram,unconditional,80,9,720,0.0236923999618738,0.0011623001191765,1.162300119176507e-05,0.0248547000810503,0.0237040229630656,0.0002485470008105,,,,,full_dense_cholesky_in_place,1,100,,,True,True,,0,,0.0,80,4147200.0,18040565760.0,2152411648.0,True,measured
PCA semivariogram,unconditional,80,9,720,0.0024447999894618,0.0019894000142812,1.989400014281273e-05,0.0044342000037431,0.0024646939896047,4.434200003743172e-05,0.0,0.0,0.0,0.0,native_unconditional,1,100,0.0,720.0,True,True,,0,0.0,0.0,80,,,,,
SBSS semivariogram,unconditional,80,9,720,0.0026390000130049,0.0015435999957844,1.5435999957844616e-05,0.0041826000087894,0.0026544360129628,4.18260000878945e-05,0.0,0.0,0.0,0.0,native_unconditional,1,100,0.0,720.0,True,True,,0,0.0,0.0,80,,,,,
Separable kernel semivariogram,unconditional,80,9,720,0.0010924000525847,0.0059830000391229,5.983000039122999e-05,0.0070754000917077,0.0011522300529759,7.075400091707706e-05,0.0,0.0,0.0,0.0,native_unconditional,1,100,0.0,720.0,True,True,,0,0.0,0.0,80,,,,,
IOX full semivariogram,unconditional,160,9,1440,0.076835999963805,0.0023368999827653,2.336899982765317e-05,0.0791728999465704,0.0768593689636327,0.0007917289994657,,,,,full_dense_cholesky_in_place,1,100,,,True,True,,0,,0.0,160,16588800.0,18384277504.0,2166043648.0,True,measured
LMC semivariogram,unconditional,160,9,1440,0.0035140999825671,0.0147871000226587,0.0001478710002265,0.0183012000052258,0.0036619709827937,0.0001830120000522,0.0,0.0,0.0,0.0,native_unconditional,1,100,0.0,1440.0,True,True,,0,0.0,0.0,160,,,,,
Multivariate Matern semivariogram,unconditional,160,9,1440,0.0893407999537885,0.0049721000250428,4.972100025042892e-05,0.0943128999788314,0.0893905209540389,0.0009431289997883,,,,,full_dense_cholesky_in_place,1,100,,,True,True,,0,,0.0,160,16588800.0,18040733696.0,2166043648.0,True,measured
PCA semivariogram,unconditional,160,9,1440,0.0084225999889895,0.0037826999905519,3.782699990551919e-05,0.0122052999795414,0.008460426988895,0.0001220529997954,0.0,0.0,0.0,0.0,native_unconditional,1,100,0.0,1440.0,True,True,,0,0.0,0.0,160,,,,,
SBSS semivariogram,unconditional,160,9,1440,0.0085103999590501,0.0040539999608881,4.053999960888177e-05,0.0125643999199382,0.008550939958659,0.0001256439991993,0.0,0.0,0.0,0.0,native_unconditional,1,100,0.0,1440.0,True,True,,0,0.0,0.0,160,,,,,
Separable kernel semivariogram,unconditional,160,9,1440,0.0022088999394327,0.0097300000488758,9.730000048875808e-05,0.0119388999883085,0.0023061999399214,0.000119388999883,0.0,0.0,0.0,0.0,native_unconditional,1,100,0.0,1440.0,True,True,,0,0.0,0.0,160,,,,,
IOX full semivariogram,unconditional,320,9,2880,0.3245297998655587,0.0055257999338209,5.5257999338209626e-05,0.3300555997993797,0.3245850578648969,0.0033005559979937,,,,,full_dense_cholesky_in_place,1,100,,,True,True,,0,,0.0,320,66355200.0,18401755136.0,2219419648.0,True,measured
LMC semivariogram,unconditional,320,9,2880,0.0089172999141737,0.0117079000920057,0.00011707900092,0.0206252000061795,0.0090343789150938,0.0002062520000617,0.0,0.0,0.0,0.0,native_unconditional,1,100,0.0,2880.0,True,True,,0,0.0,0.0,320,,,,,
Multivariate Matern semivariogram,unconditional,320,9,2880,0.4664718001149595,0.0090882000513374,9.08820005133748e-05,0.4755600001662969,0.4665626821154728,0.0047556000016629,,,,,full_dense_cholesky_in_place,1,100,,,True,True,,0,,0.0,320,66355200.0,18039504896.0,2219419648.0,True,measured
PCA semivariogram,unconditional,320,9,2880,0.0359968999982811,0.0077236999641172,7.723699964117259e-05,0.0437205999623984,0.0360741369979223,0.0004372059996239,0.0,0.0,0.0,0.0,native_unconditional,1,100,0.0,2880.0,True,True,,0,0.0,0.0,320,,,,,
SBSS semivariogram,unconditional,320,9,2880,0.0285282999975606,0.0072230999940074,7.223099994007497e-05,0.0357513999915681,0.0286005309975007,0.0003575139999156,0.0,0.0,0.0,0.0,native_unconditional,1,100,0.0,2880.0,True,True,,0,0.0,0.0,320,,,,,
Separable kernel semivariogram,unconditional,320,9,2880,0.0058605000376701,0.0043002000311389,4.3002000311389565e-05,0.010160700068809,0.0059035020379815,0.000101607000688,0.0,0.0,0.0,0.0,native_unconditional,1,100,0.0,2880.0,True,True,,0,0.0,0.0,320,,,,,
IOX full semivariogram,unconditional,640,9,5760,1.3645135001279414,0.0227220000233501,0.0002272200002335,1.3872355001512915,1.364740720128175,0.0138723550015129,,,,,full_dense_cholesky_in_place,1,100,,,True,True,,0,,0.0,640,265420800.0,18405339136.0,2430619648.0,True,measured
LMC semivariogram,unconditional,640,9,5760,0.0775517999427393,0.0544825999531894,0.0005448259995318,0.1320343998959288,0.0780966259422712,0.0013203439989592,0.0,0.0,0.0,0.0,native_unconditional,1,100,0.0,5760.0,True,True,,0,0.0,0.0,640,,,,,
Multivariate Matern semivariogram,unconditional,640,9,5760,1.6301786999683827,0.0240651001222431,0.0002406510012224,1.654243800090626,1.6304193509696052,0.0165424380009062,,,,,full_dense_cholesky_in_place,1,100,,,True,True,,0,,0.0,640,265420800.0,18027290624.0,2430619648.0,True,measured
PCA semivariogram,unconditional,640,9,5760,0.2249711000476963,0.0206460999906994,0.0002064609999069,0.2456172000383958,0.2251775610476033,0.0024561720003839,0.0,0.0,0.0,0.0,native_unconditional,1,100,0.0,5760.0,True,True,,0,0.0,0.0,640,,,,,
SBSS semivariogram,unconditional,640,9,5760,0.2279388000024482,0.01298289996339,0.0001298289996339,0.2409216999658383,0.2280686290020821,0.0024092169996583,0.0,0.0,0.0,0.0,native_unconditional,1,100,0.0,5760.0,True,True,,0,0.0,0.0,640,,,,,
Separable kernel semivariogram,unconditional,640,9,5760,0.0319282000418752,0.0085764999967068,8.576499996706843e-05,0.040504700038582,0.0320139650418423,0.0004050470003858,0.0,0.0,0.0,0.0,native_unconditional,1,100,0.0,5760.0,True,True,,0,0.0,0.0,640,,,,,
IOX full semivariogram,unconditional,1280,9,11520,7.157427300000563,0.0656882000621408,0.0006568820006214,7.223115500062704,7.1580841820011845,0.072231155000627,,,,,full_dense_cholesky_in_place,1,100,,,True,True,,0,,0.0,1280,1061683200.0,18395250688.0,3270811648.0,True,measured
LMC semivariogram,unconditional,1280,9,11520,0.376663799979724,0.0920053999871015,0.000920053999871,0.4686691999668255,0.377583853979595,0.0046866919996682,0.0,0.0,0.0,0.0,native_unconditional,1,100,0.0,11520.0,True,True,,0,0.0,0.0,1280,,,,,
Multivariate Matern semivariogram,unconditional,1280,9,11520,7.200322600081563,0.0640082999598234,0.0006400829995982,7.264330900041386,7.200962683081161,0.0726433090004138,,,,,full_dense_cholesky_in_place,1,100,,,True,True,,0,,0.0,1280,1061683200.0,18025218048.0,3270811648.0,True,measured
PCA semivariogram,unconditional,1280,9,11520,1.069372000056319,0.0506641999818384,0.0005066419998183,1.1200362000381574,1.0698786420561373,0.0112003620003815,0.0,0.0,0.0,0.0,native_unconditional,1,100,0.0,11520.0,True,True,,0,0.0,0.0,1280,,,,,
SBSS semivariogram,unconditional,1280,9,11520,1.1367393999826163,0.0287550999782979,0.0002875509997829,1.1654944999609145,1.1370269509823994,0.0116549449996091,0.0,0.0,0.0,0.0,native_unconditional,1,100,0.0,11520.0,True,True,,0,0.0,0.0,1280,,,,,
Separable kernel semivariogram,unconditional,1280,9,11520,0.1569501000922173,0.0189043000573292,0.0001890430005732,0.1758544001495465,0.1571391430927906,0.0017585440014954,0.0,0.0,0.0,0.0,native_unconditional,1,100,0.0,11520.0,True,True,,0,0.0,0.0,1280,,,,,
IOX full semivariogram,unconditional,2560,9,23040,39.00774540007114,0.266335500171408,0.002663355001714,39.27408090024255,39.01040875507286,0.3927408090024255,,,,,full_dense_cholesky_in_place,1,100,,,True,True,,0,,0.0,2560,4246732800.0,18358222848.0,6622363648.0,True,measured
LMC semivariogram,unconditional,2560,9,23040,1.7722820000490174,0.2210692999651655,0.0022106929996516,1.993351300014183,1.774492693048669,0.0199335130001418,0.0,0.0,0.0,0.0,native_unconditional,1,100,0.0,23040.0,True,True,,0,0.0,0.0,2560,,,,,
Multivariate Matern semivariogram,unconditional,2560,9,23040,39.83853460010141,0.2644881999585777,0.0026448819995857,40.10302280005999,39.841179482101,0.4010302280005999,,,,,full_dense_cholesky_in_place,1,100,,,True,True,,0,,0.0,2560,4246732800.0,17980809216.0,6622363648.0,True,measured
PCA semivariogram,unconditional,2560,9,23040,5.551262299995869,0.1298553999513387,0.0012985539995133,5.681117699947208,5.552560853995383,0.056811176999472,0.0,0.0,0.0,0.0,native_unconditional,1,100,0.0,23040.0,True,True,,0,0.0,0.0,2560,,,,,
SBSS semivariogram,unconditional,2560,9,23040,5.059469599975273,0.0680403999867849,0.0006804039998678,5.127509999962058,5.060150003975141,0.0512750999996205,0.0,0.0,0.0,0.0,native_unconditional,1,100,0.0,23040.0,True,True,,0,0.0,0.0,2560,,,,,
Separable kernel semivariogram,unconditional,2560,9,23040,0.7244124999269843,0.0553004000103101,0.0005530040001031,0.7797128999372944,0.7249655039270874,0.0077971289993729,0.0,0.0,0.0,0.0,native_unconditional,1,100,0.0,23040.0,True,True,,0,0.0,0.0,2560,,,,,
IOX full semivariogram,unconditional,5120,9,46080,,,,,,,,,,,not_run,1,100,,,False,False,No configured max; estimated working set 20010139648 exceeds available physical RAM 18040664064,0,,0.0,5120,16986931200.0,18040664064.0,20010139648.0,False,not_measured_insufficient_physical_memory
LMC semivariogram,unconditional,5120,9,46080,7.83928630000446,0.5080036000581458,0.0050800360005814,8.347289900062606,7.8443663360050415,0.083472899000626,0.0,0.0,0.0,0.0,native_unconditional,1,100,0.0,46080.0,True,True,,0,0.0,0.0,5120,,,,,
Multivariate Matern semivariogram,unconditional,5120,9,46080,,,,,,,,,,,not_run,1,100,,,False,False,No configured max; estimated working set 20010139648 exceeds available physical RAM 18070401024,0,,0.0,5120,16986931200.0,18070401024.0,20010139648.0,False,not_measured_insufficient_physical_memory
PCA semivariogram,unconditional,5120,9,46080,27.667511299951,0.5315596999716945,0.0053155969997169,28.199070999922697,27.67282689695072,0.281990709999227,0.0,0.0,0.0,0.0,native_unconditional,1,100,0.0,46080.0,True,True,,0,0.0,0.0,5120,,,,,
SBSS semivariogram,unconditional,5120,9,46080,20.152029999997467,0.1759485000511631,0.0017594850005116,20.32797850004863,20.15378948499798,0.2032797850004863,0.0,0.0,0.0,0.0,native_unconditional,1,100,0.0,46080.0,True,True,,0,0.0,0.0,5120,,,,,
Separable kernel semivariogram,unconditional,5120,9,46080,3.1668738999869674,0.1254558999789878,0.0012545589997898,3.2923297999659558,3.1681284589867573,0.0329232979996595,0.0,0.0,0.0,0.0,native_unconditional,1,100,0.0,46080.0,True,True,,0,0.0,0.0,5120,,,,,
